<odoo>
    <data>
        <record id="hms_security_groups" model="ir.module.category">
            <field name="name">Hospital security groups</field>
        </record>
        <record id="hms_user_group" model="res.groups">
            <field name="name">Users</field>
            <field name="category_id" ref="hms_security_groups"/>
        </record>
        <record id="hms_manager_group" model="res.groups">
             <field name="name">Managers</field>
            <field name="category_id" ref="hms_security_groups"/>
            <field name="implied_ids" eval="[(4,ref('hms_user_group'))]"/>
        </record>
        <record id="view_user_patients" model="ir.rule">
            <field name="name">patient user role</field>
            <field name="model_id" ref="model_hms_patient"/>
            <field name="groups" eval="[(4,ref('hms_user_group'))]" />
            <field name="domain_force">[('create_uid','=',user.id)]</field>
        </record>
         <record id="view_manager_patients" model="ir.rule">
            <field name="name">patient manager role</field>
            <field name="model_id" ref="model_hms_patient"/>
            <field name="groups" eval="[(4,ref('hms_manager_group'))]" />
             <field name="domain_force">[]</field>
        </record>
    </data>
</odoo>