id,name,model_id:id,group_id:id,perm_read,perm_write,perm_create,perm_unlink
access_hms_user_iti_patient,access_hms_user_iti_patient,model_hms_patient,hms_user_group,1,1,1,0
access_hms_user_iti_dep,access_hms_user_iti_dep,model_hms_department,hms_user_group,1,0,0,0
access_hms_user_iti_doctor,access_hms_user_iti_doctor,model_hms_doctors,hms_user_group,1,0,0,0
access_hms_user_iti_logs,access_hms_user_iti_logs,model_hms_log_history,hms_user_group,1,1,1,0
access_hms_manager_iti_patient,access_hms_manager_iti_patient,model_hms_patient,hms_manager_group,1,1,1,1
access_hms_manager_iti_dep,access_hms_manager_iti_dep,model_hms_department,hms_manager_group,1,1,1,1
access_hms_manager_iti_doctor,access_hms_manager_iti_doctor,model_hms_doctors,hms_manager_group,1,1,1,1
access_hms_manager_iti_logs,access_hms_manager_iti_logs,model_hms_log_history,hms_manager_group,1,1,1,1