{
   "abstract" : "Catalyst based application",
   "author" : [
      "shimaa,,,"
   ],
   "dynamic_config" : 0,
   "generated_by" : "ExtUtils::MakeMaker version 7.24, CPAN::Meta::Converter version 2.150010",
   "license" : [
      "perl_5"
   ],
   "meta-spec" : {
      "url" : "http://search.cpan.org/perldoc?CPAN::Meta::Spec",
      "version" : "2"
   },
   "name" : "Book",
   "no_index" : {
      "directory" : [
         "t",
         "inc"
      ]
   },
   "prereqs" : {
      "build" : {
         "requires" : {
            "ExtUtils::MakeMaker" : "6.36",
            "Test::More" : "0.88"
         }
      },
      "configure" : {
         "requires" : {
            "ExtUtils::MakeMaker" : "0"
         }
      },
      "runtime" : {
         "requires" : {
            "Catalyst::Action::RenderView" : "0",
            "Catalyst::Plugin::ConfigLoader" : "0",
            "Catalyst::Plugin::Static::Simple" : "0",
            "Catalyst::Runtime" : "5.90126",
            "Config::General" : "0",
            "Moose" : "0",
            "namespace::autoclean" : "0"
         }
      }
   },
   "release_status" : "stable",
   "version" : "0.01",
   "x_serialization_backend" : "JSON::PP version 2.27400_02"
}
